{
  "Link Color" : {
    "Red Component" : 0.8629150390625,
    "Color Space" : "sRGB",
    "Blue Component" : 0.38155595586272284,
    "Alpha Component" : 1,
    "Green Component" : 0.099450642243027687
  },
  "Tags" : [

  ],
  "Ansi 12 Color" : {
    "Red Component" : 0.61468899250030518,
    "Color Space" : "Calibrated",
    "Blue Component" : 0.99877572059631348,
    "Alpha Component" : 1,
    "Green Component" : 0.39599207043647766
  },
  "Ansi 7 Color" : {
    "Red Component" : 0.76960963010787964,
    "Color Space" : "Calibrated",
    "Blue Component" : 0.70993047952651978,
    "Alpha Component" : 1,
    "Green Component" : 0.77144092321395874
  },
  "Ansi 8 Color" : {
    "Red Component" : 0.3829454779624939,
    "Color Space" : "Calibrated",
    "Blue Component" : 0.29652142524719238,
    "Alpha Component" : 1,
    "Green Component" : 0.36959609389305115
  },
  "Bold Color" : {
    "Red Component" : 0.92150187492370605,
    "Color Space" : "Calibrated",
    "Blue Component" : 0.92148995399475098,
    "Alpha Component" : 1,
    "Green Component" : 0.92147433757781982
  },
  "Ansi 9 Color" : {
    "Red Component" : 0.95683503150939941,
    "Color Space" : "Calibrated",
    "Blue Component" : 0.3728577196598053,
    "Alpha Component" : 1,
    "Green Component" : 0
  },
  "Ansi 0 Color" : {
    "Red Component" : 0.10051589459180832,
    "Color Space" : "Calibrated",
    "Blue Component" : 0.10051459074020386,
    "Alpha Component" : 1,
    "Green Component" : 0.10051288455724716
  },
  "Horizontal Spacing" : 1,
  "Rows" : 30,
  "Default Bookmark" : "No",
  "Cursor Guide Color" : {
    "Red Component" : 0.64999997615814209,
    "Color Space" : "Calibrated",
    "Blue Component" : 1,
    "Alpha Component" : 0.25,
    "Green Component" : 0.9100000262260437
  },
  "Non-ASCII Anti Aliased" : true,
  "Use Bright Bold" : true,
  "Ansi 10 Color" : {
    "Red Component" : 0.59473341703414917,
    "Color Space" : "Calibrated",
    "Blue Component" : 0.14004382491111755,
    "Alpha Component" : 1,
    "Green Component" : 0.87921047210693359
  },
  "Use Cursor Guide" : false,
  "Icon" : 1,
  "Ambiguous Double Width" : false,
  "Jobs to Ignore" : [
    "rlogin",
    "ssh",
    "slogin",
    "telnet"
  ],
  "Ansi 15 Color" : {
    "Red Component" : 0.96537256240844727,
    "Color Space" : "Calibrated",
    "Blue Component" : 0.9359474778175354,
    "Alpha Component" : 1,
    "Green Component" : 0.96549534797668457
  },
  "Foreground Color" : {
    "Red Component" : 0.8493925929069519,
    "Color Space" : "Calibrated",
    "Blue Component" : 0.84938156604766846,
    "Alpha Component" : 1,
    "Green Component" : 0.84936714172363281
  },
  "Working Directory" : "\/Users\/danielle",
  "Blinking Cursor" : false,
  "Disable Window Resizing" : true,
  "Sync Title" : false,
  "Prompt Before Closing 2" : false,
  "BM Growl" : true,
  "Command" : "",
  "Description" : "Default",
  "Smart Cursor Color" : false,
  "Space" : 0,
  "Screen" : -1,
  "Selection Color" : {
    "Red Component" : 0.20521381497383118,
    "Color Space" : "Calibrated",
    "Blue Component" : 0.20521116256713867,
    "Alpha Component" : 1,
    "Green Component" : 0.20520767569541931
  },
  "Mouse Reporting" : true,
  "Columns" : 120,
  "Idle Code" : 0,
  "Ansi 13 Color" : {
    "Red Component" : 0.95683503150939941,
    "Color Space" : "Calibrated",
    "Blue Component" : 0.3728577196598053,
    "Alpha Component" : 1,
    "Green Component" : 0
  },
  "Brighten Bold Text" : true,
  "Custom Command" : "No",
  "ASCII Anti Aliased" : true,
  "Non Ascii Font" : "Monaco 12",
  "Vertical Spacing" : 1,
  "Use Bold Font" : true,
  "Option Key Sends" : 0,
  "Selected Text Color" : {
    "Red Component" : 1,
    "Color Space" : "Calibrated",
    "Blue Component" : 0.99999129772186279,
    "Alpha Component" : 1,
    "Green Component" : 0.99997437000274658
  },
  "Background Color" : {
    "Red Component" : 0.046698093414306641,
    "Color Space" : "Calibrated",
    "Blue Component" : 0.046697486191987991,
    "Alpha Component" : 1,
    "Green Component" : 0.046696696430444717
  },
  "Character Encoding" : 4,
  "Ansi 11 Color" : {
    "Red Component" : 0.87748134136199951,
    "Color Space" : "Calibrated",
    "Blue Component" : 0.38154411315917969,
    "Alpha Component" : 1,
    "Green Component" : 0.83635991811752319
  },
  "Use Italic Font" : true,
  "Unlimited Scrollback" : true,
  "Keyboard Map" : {
    "0xf700-0x260000" : {
      "Text" : "[1;6A",
      "Action" : 10
    },
    "0x37-0x40000" : {
      "Text" : "0x1f",
      "Action" : 11
    },
    "0x32-0x40000" : {
      "Text" : "0x00",
      "Action" : 11
    },
    "0xf709-0x20000" : {
      "Text" : "[17;2~",
      "Action" : 10
    },
    "0xf70c-0x20000" : {
      "Text" : "[20;2~",
      "Action" : 10
    },
    "0xf729-0x20000" : {
      "Text" : "[1;2H",
      "Action" : 10
    },
    "0xf72b-0x40000" : {
      "Text" : "[1;5F",
      "Action" : 10
    },
    "0xf705-0x20000" : {
      "Text" : "[1;2Q",
      "Action" : 10
    },
    "0xf703-0x260000" : {
      "Text" : "[1;6C",
      "Action" : 10
    },
    "0xf700-0x220000" : {
      "Text" : "[1;2A",
      "Action" : 10
    },
    "0xf701-0x280000" : {
      "Text" : "0x1b 0x1b 0x5b 0x42",
      "Action" : 11
    },
    "0x38-0x40000" : {
      "Text" : "0x7f",
      "Action" : 11
    },
    "0x33-0x40000" : {
      "Text" : "0x1b",
      "Action" : 11
    },
    "0xf703-0x220000" : {
      "Text" : "[1;2C",
      "Action" : 10
    },
    "0xf701-0x240000" : {
      "Text" : "[1;5B",
      "Action" : 10
    },
    "0xf70d-0x20000" : {
      "Text" : "[21;2~",
      "Action" : 10
    },
    "0xf702-0x260000" : {
      "Text" : "[1;6D",
      "Action" : 10
    },
    "0xf729-0x40000" : {
      "Text" : "[1;5H",
      "Action" : 10
    },
    "0xf706-0x20000" : {
      "Text" : "[1;2R",
      "Action" : 10
    },
    "0x34-0x40000" : {
      "Text" : "0x1c",
      "Action" : 11
    },
    "0xf700-0x280000" : {
      "Text" : "0x1b 0x1b 0x5b 0x41",
      "Action" : 11
    },
    "0x2d-0x40000" : {
      "Text" : "0x1f",
      "Action" : 11
    },
    "0xf70e-0x20000" : {
      "Text" : "[23;2~",
      "Action" : 10
    },
    "0xf702-0x220000" : {
      "Text" : "[1;2D",
      "Action" : 10
    },
    "0xf703-0x280000" : {
      "Text" : "0x1b 0x1b 0x5b 0x43",
      "Action" : 11
    },
    "0xf700-0x240000" : {
      "Text" : "[1;5A",
      "Action" : 10
    },
    "0xf707-0x20000" : {
      "Text" : "[1;2S",
      "Action" : 10
    },
    "0xf70a-0x20000" : {
      "Text" : "[18;2~",
      "Action" : 10
    },
    "0x35-0x40000" : {
      "Text" : "0x1d",
      "Action" : 11
    },
    "0xf70f-0x20000" : {
      "Text" : "[24;2~",
      "Action" : 10
    },
    "0xf703-0x240000" : {
      "Text" : "[1;5C",
      "Action" : 10
    },
    "0xf701-0x260000" : {
      "Text" : "[1;6B",
      "Action" : 10
    },
    "0xf702-0x280000" : {
      "Text" : "0x1b 0x1b 0x5b 0x44",
      "Action" : 11
    },
    "0xf72b-0x20000" : {
      "Text" : "[1;2F",
      "Action" : 10
    },
    "0x36-0x40000" : {
      "Text" : "0x1e",
      "Action" : 11
    },
    "0xf708-0x20000" : {
      "Text" : "[15;2~",
      "Action" : 10
    },
    "0xf701-0x220000" : {
      "Text" : "[1;2B",
      "Action" : 10
    },
    "0xf70b-0x20000" : {
      "Text" : "[19;2~",
      "Action" : 10
    },
    "0xf702-0x240000" : {
      "Text" : "[1;5D",
      "Action" : 10
    },
    "0xf704-0x20000" : {
      "Text" : "[1;2P",
      "Action" : 10
    }
  },
  "Window Type" : 0,
  "Cursor Boost" : 0,
  "Background Image Location" : "",
  "Blur" : false,
  "Badge Color" : {
    "Red Component" : 1,
    "Color Space" : "Calibrated",
    "Blue Component" : 0,
    "Alpha Component" : 0.5,
    "Green Component" : 0
  },
  "Initial Text" : "",
  "Scrollback Lines" : 0,
  "Send Code When Idle" : false,
  "Close Sessions On End" : true,
  "Terminal Type" : "xterm-256color",
  "Visual Bell" : true,
  "Flashing Bell" : false,